{"last_download_success": 1652227466.9507456, "unseen_downloads": ["/home/dom/.config/variety/Downloaded/Unsplash/photo-1649682716735-b1ba94eda742.jpg", "/home/dom/.config/variety/Downloaded/Unsplash/photo-1650386258760-609539001dd7.jpg", "/home/dom/.config/variety/Downloaded/Unsplash/photo-1651925308990-2c3d2d575e93.jpg", "/home/dom/.config/variety/Downloaded/Unsplash/photo-1649601314267-37e28b7a7e0b.jpg", "/home/dom/.config/variety/Downloaded/Unsplash/photo-1650365207949-3444bc756cf8.jpg", "/home/dom/.config/variety/Downloaded/Unsplash/photo-1650982941157-f3e98bf80e43.jpg", "/home/dom/.config/variety/Downloaded/Unsplash/photo-1650216744354-66830221b9c9.jpg", "/home/dom/.config/variety/Downloaded/Unsplash/photo-1651140502663-a16c0f851b5a.jpg", "/home/dom/.config/variety/Downloaded/Unsplash/photo-1650624804412-73db7b8ba37f.jpg", "/home/dom/.config/variety/Downloaded/Unsplash/photo-1650280335766-e420794655ad.jpg"], "last_download_failure": 1714857121.0757806}